{
  "version": "6.0",
  "nxVersion": "20.4.0",
  "pathMappings": {
    "@todo-frontend-workspace/shared": [
      "libs/shared/src/index.ts"
    ]
  },
  "nxJsonPlugins": [
    {
      "name": "@nx/cypress/plugin",
      "options": {
        "targetName": "e2e",
        "openTargetName": "open-cypress",
        "componentTestingTargetName": "component-test",
        "ciTargetName": "e2e-ci"
      }
    },
    {
      "name": "@nx/eslint/plugin",
      "options": {
        "targetName": "lint"
      }
    }
  ],
  "fileMap": {
    "nonProjectFiles": [
      {
        "file": "package-lock.json",
        "hash": "3544004190941347157"
      },
      {
        "file": "README.md",
        "hash": "2051698760897757242"
      },
      {
        "file": ".vscode/extensions.json",
        "hash": "4637156562308165301"
      },
      {
        "file": ".prettierignore",
        "hash": "5407418692668764289"
      },
      {
        "file": ".gitignore",
        "hash": "12598051590701509975"
      },
      {
        "file": ".prettierrc",
        "hash": "16267754514737964994"
      },
      {
        "file": "package.json",
        "hash": "15159244290227861448"
      },
      {
        "file": "jest.preset.js",
        "hash": "9430166341120122740"
      },
      {
        "file": "nx.json",
        "hash": "1035052089581053984"
      },
      {
        "file": "tsconfig.base.json",
        "hash": "12732038358557824131"
      },
      {
        "file": "eslint.config.mjs",
        "hash": "3388209123853253337"
      },
      {
        "file": "jest.config.ts",
        "hash": "3494843969422251966"
      },
      {
        "file": ".editorconfig",
        "hash": "5443105041930014821"
      }
    ],
    "projectFileMap": {
      "todo-app-ngx-base-state": [
        {
          "file": "apps/todo-app-ngx-base-state/eslint.config.mjs",
          "hash": "8267855295628867833",
          "deps": [
            "npm:@nx/eslint-plugin"
          ]
        },
        {
          "file": "apps/todo-app-ngx-base-state/jest.config.ts",
          "hash": "18445968355352447728"
        },
        {
          "file": "apps/todo-app-ngx-base-state/project.json",
          "hash": "15227058006352533902"
        },
        {
          "file": "apps/todo-app-ngx-base-state/public/favicon.ico",
          "hash": "9303420814833116677"
        },
        {
          "file": "apps/todo-app-ngx-base-state/src/app/app.component.html",
          "hash": "3549380592769947132"
        },
        {
          "file": "apps/todo-app-ngx-base-state/src/app/app.component.scss",
          "hash": "3244421341483603138"
        },
        {
          "file": "apps/todo-app-ngx-base-state/src/app/app.component.ts",
          "hash": "10505362748394018981",
          "deps": [
            "npm:@angular/core",
            "npm:@angular/router",
            "npm:lucide-angular",
            "shared",
            "npm:rxjs"
          ]
        },
        {
          "file": "apps/todo-app-ngx-base-state/src/app/app.config.ts",
          "hash": "3145531439763407003",
          "deps": [
            "npm:@angular/core",
            "npm:lucide-angular",
            "npm:@angular/common"
          ]
        },
        {
          "file": "apps/todo-app-ngx-base-state/src/app/components/content/content.component.html",
          "hash": "9951911538771996709"
        },
        {
          "file": "apps/todo-app-ngx-base-state/src/app/components/content/content.component.scss",
          "hash": "3244421341483603138"
        },
        {
          "file": "apps/todo-app-ngx-base-state/src/app/components/content/content.component.ts",
          "hash": "13129890628477366824",
          "deps": [
            "npm:@angular/core",
            "npm:@angular/common",
            "shared",
            "npm:lucide-angular",
            "npm:rxjs"
          ]
        },
        {
          "file": "apps/todo-app-ngx-base-state/src/app/components/sidebar/sidebar.component.html",
          "hash": "9114914731713511592"
        },
        {
          "file": "apps/todo-app-ngx-base-state/src/app/components/sidebar/sidebar.component.scss",
          "hash": "3244421341483603138"
        },
        {
          "file": "apps/todo-app-ngx-base-state/src/app/components/sidebar/sidebar.component.ts",
          "hash": "11769145131776958888",
          "deps": [
            "npm:@angular/core",
            "npm:@angular/common",
            "shared",
            "npm:rxjs"
          ]
        },
        {
          "file": "apps/todo-app-ngx-base-state/src/app/services/filtration-status.service.ts",
          "hash": "10916716464108591497",
          "deps": [
            "npm:@angular/core",
            "shared"
          ]
        },
        {
          "file": "apps/todo-app-ngx-base-state/src/app/services/groups-manage.service.ts",
          "hash": "1257989072116210987",
          "deps": [
            "npm:@angular/core",
            "shared",
            "npm:rxjs"
          ]
        },
        {
          "file": "apps/todo-app-ngx-base-state/src/app/services/manage-group-modal.service.ts",
          "hash": "5308121792150731251",
          "deps": [
            "npm:@angular/core",
            "shared"
          ]
        },
        {
          "file": "apps/todo-app-ngx-base-state/src/app/services/manage-task-modal.service.ts",
          "hash": "12678391696642761942",
          "deps": [
            "npm:@angular/core",
            "shared"
          ]
        },
        {
          "file": "apps/todo-app-ngx-base-state/src/app/services/selected-group.service.ts",
          "hash": "14614913725217174189",
          "deps": [
            "npm:@angular/core",
            "shared"
          ]
        },
        {
          "file": "apps/todo-app-ngx-base-state/src/app/services/tasks-manage.service.ts",
          "hash": "6768413836928081941",
          "deps": [
            "npm:@angular/core",
            "npm:rxjs",
            "shared"
          ]
        },
        {
          "file": "apps/todo-app-ngx-base-state/src/app/states/groups.state.ts",
          "hash": "1891468934777197462",
          "deps": [
            "npm:ngx-base-state",
            "npm:@angular/core",
            "shared"
          ]
        },
        {
          "file": "apps/todo-app-ngx-base-state/src/app/states/tasks.state.ts",
          "hash": "8530575563684492799",
          "deps": [
            "npm:ngx-base-state",
            "npm:@angular/core",
            "shared"
          ]
        },
        {
          "file": "apps/todo-app-ngx-base-state/src/assets/ngx-base-state-logo.png",
          "hash": "12412749279761506471"
        },
        {
          "file": "apps/todo-app-ngx-base-state/src/index.html",
          "hash": "10212120547546200616"
        },
        {
          "file": "apps/todo-app-ngx-base-state/src/lucide-icons.ts",
          "hash": "861225537455016499",
          "deps": [
            "npm:lucide-angular"
          ]
        },
        {
          "file": "apps/todo-app-ngx-base-state/src/main.ts",
          "hash": "16635586463787978962",
          "deps": [
            "npm:@angular/platform-browser"
          ]
        },
        {
          "file": "apps/todo-app-ngx-base-state/src/styles.scss",
          "hash": "4680767077779505059"
        },
        {
          "file": "apps/todo-app-ngx-base-state/src/test-setup.ts",
          "hash": "1917999429567095215",
          "deps": [
            "npm:jest-preset-angular"
          ]
        },
        {
          "file": "apps/todo-app-ngx-base-state/tailwind.config.js",
          "hash": "4616538962241029475",
          "deps": [
            "npm:@nx/angular"
          ]
        },
        {
          "file": "apps/todo-app-ngx-base-state/tsconfig.app.json",
          "hash": "8365644956319658761"
        },
        {
          "file": "apps/todo-app-ngx-base-state/tsconfig.editor.json",
          "hash": "1055794200401717100"
        },
        {
          "file": "apps/todo-app-ngx-base-state/tsconfig.json",
          "hash": "6424220500541951295"
        },
        {
          "file": "apps/todo-app-ngx-base-state/tsconfig.spec.json",
          "hash": "2927375835638640771"
        }
      ],
      "todo-app-akita-e2e": [
        {
          "file": "apps/todo-app-akita-e2e/cypress.config.ts",
          "hash": "11617525156913251835",
          "deps": [
            "npm:@nx/cypress",
            "npm:cypress"
          ]
        },
        {
          "file": "apps/todo-app-akita-e2e/eslint.config.mjs",
          "hash": "7267301145493616340",
          "deps": [
            "npm:eslint-plugin-cypress"
          ]
        },
        {
          "file": "apps/todo-app-akita-e2e/project.json",
          "hash": "18426544464850236151"
        },
        {
          "file": "apps/todo-app-akita-e2e/src/e2e/app.cy.ts",
          "hash": "176363360052535640"
        },
        {
          "file": "apps/todo-app-akita-e2e/src/fixtures/example.json",
          "hash": "11785586596216172004"
        },
        {
          "file": "apps/todo-app-akita-e2e/src/support/app.po.ts",
          "hash": "11157016311132186162"
        },
        {
          "file": "apps/todo-app-akita-e2e/src/support/commands.ts",
          "hash": "6408592624158157338"
        },
        {
          "file": "apps/todo-app-akita-e2e/src/support/e2e.ts",
          "hash": "1054106023200826784"
        },
        {
          "file": "apps/todo-app-akita-e2e/tsconfig.json",
          "hash": "4332380883180617610"
        }
      ],
      "shared": [
        {
          "file": "libs/shared/README.md",
          "hash": "18321119346861532697"
        },
        {
          "file": "libs/shared/eslint.config.mjs",
          "hash": "9628975637710176443",
          "deps": [
            "npm:@nx/eslint-plugin"
          ]
        },
        {
          "file": "libs/shared/jest.config.ts",
          "hash": "14509362061543395623"
        },
        {
          "file": "libs/shared/project.json",
          "hash": "4315085708400201773"
        },
        {
          "file": "libs/shared/src/index.ts",
          "hash": "1728742988906115931"
        },
        {
          "file": "libs/shared/src/lib/api/groups-api.service.ts",
          "hash": "1085178647801508991",
          "deps": [
            "npm:@angular/core",
            "npm:@angular/common",
            "npm:rxjs"
          ]
        },
        {
          "file": "libs/shared/src/lib/api/index.ts",
          "hash": "665745626840293967"
        },
        {
          "file": "libs/shared/src/lib/api/tasks-api.service.ts",
          "hash": "11895688788127138190",
          "deps": [
            "npm:@angular/core",
            "npm:@angular/common",
            "npm:rxjs"
          ]
        },
        {
          "file": "libs/shared/src/lib/components/content-plug/content-plug.component.html",
          "hash": "16723321430055686129"
        },
        {
          "file": "libs/shared/src/lib/components/content-plug/content-plug.component.scss",
          "hash": "13027103444035360129"
        },
        {
          "file": "libs/shared/src/lib/components/content-plug/content-plug.component.ts",
          "hash": "16355636868421394209",
          "deps": [
            "npm:@angular/core",
            "npm:@angular/common",
            "npm:lucide-angular"
          ]
        },
        {
          "file": "libs/shared/src/lib/components/filtration-tabs/filtration-tabs.component.html",
          "hash": "12942829316436534899"
        },
        {
          "file": "libs/shared/src/lib/components/filtration-tabs/filtration-tabs.component.scss",
          "hash": "13027103444035360129"
        },
        {
          "file": "libs/shared/src/lib/components/filtration-tabs/filtration-tabs.component.ts",
          "hash": "13430046815459848137",
          "deps": [
            "npm:@angular/core",
            "npm:@angular/common",
            "npm:lucide-angular"
          ]
        },
        {
          "file": "libs/shared/src/lib/components/group-list/group-list.component.html",
          "hash": "8114235553383198807"
        },
        {
          "file": "libs/shared/src/lib/components/group-list/group-list.component.scss",
          "hash": "16834858498408473707"
        },
        {
          "file": "libs/shared/src/lib/components/group-list/group-list.component.ts",
          "hash": "1246819464337785977",
          "deps": [
            "npm:@angular/core",
            "npm:@angular/common",
            "npm:lucide-angular",
            "npm:rxjs"
          ]
        },
        {
          "file": "libs/shared/src/lib/components/index.ts",
          "hash": "3353935208190788057"
        },
        {
          "file": "libs/shared/src/lib/components/manage-group-modal/manage-group-modal.component.html",
          "hash": "13632246230728738530"
        },
        {
          "file": "libs/shared/src/lib/components/manage-group-modal/manage-group-modal.component.scss",
          "hash": "13027103444035360129"
        },
        {
          "file": "libs/shared/src/lib/components/manage-group-modal/manage-group-modal.component.ts",
          "hash": "11156011252425413573",
          "deps": [
            "npm:@angular/core",
            "npm:@angular/common",
            "npm:@angular/forms",
            "npm:rxjs"
          ]
        },
        {
          "file": "libs/shared/src/lib/components/manage-task-modal/manage-task-modal.component.html",
          "hash": "11893816568771691634"
        },
        {
          "file": "libs/shared/src/lib/components/manage-task-modal/manage-task-modal.component.scss",
          "hash": "13027103444035360129"
        },
        {
          "file": "libs/shared/src/lib/components/manage-task-modal/manage-task-modal.component.ts",
          "hash": "16731826505761613495",
          "deps": [
            "npm:@angular/core",
            "npm:@angular/common",
            "npm:@angular/forms",
            "npm:lodash"
          ]
        },
        {
          "file": "libs/shared/src/lib/components/task-list/task-item/task-item.component.html",
          "hash": "6618597420416037052"
        },
        {
          "file": "libs/shared/src/lib/components/task-list/task-item/task-item.component.scss",
          "hash": "18230666644654797227"
        },
        {
          "file": "libs/shared/src/lib/components/task-list/task-item/task-item.component.ts",
          "hash": "15053536932721624630",
          "deps": [
            "npm:@angular/core",
            "npm:@angular/common",
            "npm:lucide-angular"
          ]
        },
        {
          "file": "libs/shared/src/lib/components/task-list/task-list.component.html",
          "hash": "10954492299697233795"
        },
        {
          "file": "libs/shared/src/lib/components/task-list/task-list.component.scss",
          "hash": "13027103444035360129"
        },
        {
          "file": "libs/shared/src/lib/components/task-list/task-list.component.ts",
          "hash": "5137845424514449448",
          "deps": [
            "npm:@angular/core",
            "npm:@angular/common",
            "npm:rxjs",
            "npm:lucide-angular"
          ]
        },
        {
          "file": "libs/shared/src/lib/components/ui/base-button/base-button.component.html",
          "hash": "13905847080678383703"
        },
        {
          "file": "libs/shared/src/lib/components/ui/base-button/base-button.component.scss",
          "hash": "13027103444035360129"
        },
        {
          "file": "libs/shared/src/lib/components/ui/base-button/base-button.component.ts",
          "hash": "16537571316623277211",
          "deps": [
            "npm:@angular/core",
            "npm:lucide-angular",
            "npm:@angular/material"
          ]
        },
        {
          "file": "libs/shared/src/lib/components/ui/base-input-label/base-input-label.component.html",
          "hash": "11829976526474189361"
        },
        {
          "file": "libs/shared/src/lib/components/ui/base-input-label/base-input-label.component.scss",
          "hash": "13027103444035360129"
        },
        {
          "file": "libs/shared/src/lib/components/ui/base-input-label/base-input-label.component.ts",
          "hash": "14964691782574734735",
          "deps": [
            "npm:@angular/core"
          ]
        },
        {
          "file": "libs/shared/src/lib/components/ui/base-input/base-input.component.html",
          "hash": "7609056745278589829"
        },
        {
          "file": "libs/shared/src/lib/components/ui/base-input/base-input.component.ts",
          "hash": "17764366597000871322",
          "deps": [
            "npm:@angular/core",
            "npm:@angular/forms",
            "npm:@angular/common"
          ]
        },
        {
          "file": "libs/shared/src/lib/components/ui/base-logo/base-logo.component.html",
          "hash": "14279881570089886708"
        },
        {
          "file": "libs/shared/src/lib/components/ui/base-logo/base-logo.component.scss",
          "hash": "13027103444035360129"
        },
        {
          "file": "libs/shared/src/lib/components/ui/base-logo/base-logo.component.ts",
          "hash": "13604551620892940976",
          "deps": [
            "npm:@angular/core",
            "npm:@angular/common"
          ]
        },
        {
          "file": "libs/shared/src/lib/components/ui/base-modal/base-modal.component.html",
          "hash": "9631894182091466930"
        },
        {
          "file": "libs/shared/src/lib/components/ui/base-modal/base-modal.component.scss",
          "hash": "3340045845773192165"
        },
        {
          "file": "libs/shared/src/lib/components/ui/base-modal/base-modal.component.ts",
          "hash": "8610660586997206206",
          "deps": [
            "npm:@angular/core",
            "npm:@angular/common"
          ]
        },
        {
          "file": "libs/shared/src/lib/components/ui/base-select/base-select.component.html",
          "hash": "8323497032679538669"
        },
        {
          "file": "libs/shared/src/lib/components/ui/base-select/base-select.component.ts",
          "hash": "17317551945719198380",
          "deps": [
            "npm:@angular/core",
            "npm:@angular/common",
            "npm:@angular/forms"
          ]
        },
        {
          "file": "libs/shared/src/lib/components/ui/base-textarea/base-textarea.component.html",
          "hash": "3234728861794139207"
        },
        {
          "file": "libs/shared/src/lib/components/ui/base-textarea/base-textarea.component.ts",
          "hash": "11788909248276199598",
          "deps": [
            "npm:@angular/core",
            "npm:@angular/forms"
          ]
        },
        {
          "file": "libs/shared/src/lib/components/ui/content-loader/content-loader.component.html",
          "hash": "13117490463700613110"
        },
        {
          "file": "libs/shared/src/lib/components/ui/content-loader/content-loader.component.scss",
          "hash": "18184414773159665822"
        },
        {
          "file": "libs/shared/src/lib/components/ui/content-loader/content-loader.component.ts",
          "hash": "12447314644866791421",
          "deps": [
            "npm:@angular/core",
            "npm:@angular/common"
          ]
        },
        {
          "file": "libs/shared/src/lib/components/ui/no-elements/no-elements.component.html",
          "hash": "14722283068819536435"
        },
        {
          "file": "libs/shared/src/lib/components/ui/no-elements/no-elements.component.scss",
          "hash": "13027103444035360129"
        },
        {
          "file": "libs/shared/src/lib/components/ui/no-elements/no-elements.component.ts",
          "hash": "451256502369889202",
          "deps": [
            "npm:@angular/core",
            "npm:@angular/common",
            "npm:lucide-angular"
          ]
        },
        {
          "file": "libs/shared/src/lib/components/ui/search-input/search-input.component.html",
          "hash": "9175936889033726691"
        },
        {
          "file": "libs/shared/src/lib/components/ui/search-input/search-input.component.scss",
          "hash": "17466488550121724658"
        },
        {
          "file": "libs/shared/src/lib/components/ui/search-input/search-input.component.ts",
          "hash": "6938748090066526842",
          "deps": [
            "npm:@angular/core",
            "npm:@angular/forms",
            "npm:@angular/common",
            "npm:rxjs"
          ]
        },
        {
          "file": "libs/shared/src/lib/directives/control-value-accessor.directive.ts",
          "hash": "2994406110649599712",
          "deps": [
            "npm:@angular/core",
            "npm:@angular/forms",
            "npm:rxjs"
          ]
        },
        {
          "file": "libs/shared/src/lib/directives/stop-propagation.directive.ts",
          "hash": "13769011549351513040",
          "deps": [
            "npm:@angular/core"
          ]
        },
        {
          "file": "libs/shared/src/lib/environment.ts",
          "hash": "10253433188941974506"
        },
        {
          "file": "libs/shared/src/lib/models/BaseSelectOption.ts",
          "hash": "10794159308738901824"
        },
        {
          "file": "libs/shared/src/lib/models/FiltrationTabItem.ts",
          "hash": "1789498018010250567"
        },
        {
          "file": "libs/shared/src/lib/models/SectionsFiltrationTabs.ts",
          "hash": "14719871810877544685"
        },
        {
          "file": "libs/shared/src/lib/models/TaskStatusStatistic.ts",
          "hash": "4442697867807205864"
        },
        {
          "file": "libs/shared/src/lib/models/UpdateGroupFrom.ts",
          "hash": "4373376874004666330"
        },
        {
          "file": "libs/shared/src/lib/models/UpdateTaskForm.ts",
          "hash": "6687859914454391400"
        },
        {
          "file": "libs/shared/src/lib/models/api/CreateGroupRequestDto.ts",
          "hash": "7919302586913809874"
        },
        {
          "file": "libs/shared/src/lib/models/api/CreateTaskRequestDto.ts",
          "hash": "2810520442954176266"
        },
        {
          "file": "libs/shared/src/lib/models/api/UpdateGroupRequestDto.ts",
          "hash": "7689346333385163244"
        },
        {
          "file": "libs/shared/src/lib/models/api/UpdateTaskRequestDto.ts",
          "hash": "17934304014499091"
        },
        {
          "file": "libs/shared/src/lib/models/entity/GroupDto.ts",
          "hash": "15721195038530984389"
        },
        {
          "file": "libs/shared/src/lib/models/entity/TaskDto.ts",
          "hash": "477123353240145665"
        },
        {
          "file": "libs/shared/src/lib/models/index.ts",
          "hash": "526650465228425405"
        },
        {
          "file": "libs/shared/src/lib/pipes/empty-value.pipe.ts",
          "hash": "12534154397764836229",
          "deps": [
            "npm:@angular/core"
          ]
        },
        {
          "file": "libs/shared/src/lib/pipes/form-control-convert.pipe.ts",
          "hash": "7538726390606459864",
          "deps": [
            "npm:@angular/core",
            "npm:@angular/forms"
          ]
        },
        {
          "file": "libs/shared/src/lib/pipes/index.ts",
          "hash": "17907851908569336661"
        },
        {
          "file": "libs/shared/src/lib/pipes/truncate.pipe.ts",
          "hash": "13788765632686016715",
          "deps": [
            "npm:@angular/core"
          ]
        },
        {
          "file": "libs/shared/src/lib/types/TaskFilterType.ts",
          "hash": "10261174195683527336"
        },
        {
          "file": "libs/shared/src/lib/types/index.ts",
          "hash": "7416828628474268526"
        },
        {
          "file": "libs/shared/src/test-setup.ts",
          "hash": "1917999429567095215",
          "deps": [
            "npm:jest-preset-angular"
          ]
        },
        {
          "file": "libs/shared/tsconfig.json",
          "hash": "1083278824072282325"
        },
        {
          "file": "libs/shared/tsconfig.lib.json",
          "hash": "5796668385415907511"
        },
        {
          "file": "libs/shared/tsconfig.spec.json",
          "hash": "2927375835638640771"
        }
      ],
      "todo-app-ngrx-e2e": [
        {
          "file": "apps/todo-app-ngrx-e2e/cypress.config.ts",
          "hash": "4397114287423193855",
          "deps": [
            "npm:@nx/cypress",
            "npm:cypress"
          ]
        },
        {
          "file": "apps/todo-app-ngrx-e2e/eslint.config.mjs",
          "hash": "7267301145493616340",
          "deps": [
            "npm:eslint-plugin-cypress"
          ]
        },
        {
          "file": "apps/todo-app-ngrx-e2e/project.json",
          "hash": "5137392091713968893"
        },
        {
          "file": "apps/todo-app-ngrx-e2e/src/e2e/app.cy.ts",
          "hash": "15367204873408813656"
        },
        {
          "file": "apps/todo-app-ngrx-e2e/src/fixtures/example.json",
          "hash": "11785586596216172004"
        },
        {
          "file": "apps/todo-app-ngrx-e2e/src/support/app.po.ts",
          "hash": "11157016311132186162"
        },
        {
          "file": "apps/todo-app-ngrx-e2e/src/support/commands.ts",
          "hash": "6408592624158157338"
        },
        {
          "file": "apps/todo-app-ngrx-e2e/src/support/e2e.ts",
          "hash": "1054106023200826784"
        },
        {
          "file": "apps/todo-app-ngrx-e2e/tsconfig.json",
          "hash": "4332380883180617610"
        }
      ],
      "todo-app-akita": [
        {
          "file": "apps/todo-app-akita/eslint.config.mjs",
          "hash": "16756400681144203361",
          "deps": [
            "npm:@nx/eslint-plugin"
          ]
        },
        {
          "file": "apps/todo-app-akita/jest.config.ts",
          "hash": "5207476748611225060"
        },
        {
          "file": "apps/todo-app-akita/project.json",
          "hash": "7159996548609157139"
        },
        {
          "file": "apps/todo-app-akita/public/favicon.ico",
          "hash": "9303420814833116677"
        },
        {
          "file": "apps/todo-app-akita/src/app/app.component.html",
          "hash": "2166902325726544228"
        },
        {
          "file": "apps/todo-app-akita/src/app/app.component.scss",
          "hash": "3244421341483603138"
        },
        {
          "file": "apps/todo-app-akita/src/app/app.component.ts",
          "hash": "481428832322180193",
          "deps": [
            "npm:@angular/core",
            "shared",
            "npm:@angular/common"
          ]
        },
        {
          "file": "apps/todo-app-akita/src/app/app.config.ts",
          "hash": "12405032161862574990",
          "deps": [
            "npm:@angular/core",
            "npm:lucide-angular",
            "npm:@angular/common"
          ]
        },
        {
          "file": "apps/todo-app-akita/src/app/components/content/content.component.html",
          "hash": "3549946718612139615"
        },
        {
          "file": "apps/todo-app-akita/src/app/components/content/content.component.scss",
          "hash": "13027103444035360129"
        },
        {
          "file": "apps/todo-app-akita/src/app/components/content/content.component.ts",
          "hash": "4412755934033854649",
          "deps": [
            "npm:@angular/core",
            "npm:@angular/common",
            "shared",
            "npm:lucide-angular"
          ]
        },
        {
          "file": "apps/todo-app-akita/src/app/components/sidebar/sidebar.component.html",
          "hash": "16531262788583603184"
        },
        {
          "file": "apps/todo-app-akita/src/app/components/sidebar/sidebar.component.scss",
          "hash": "13027103444035360129"
        },
        {
          "file": "apps/todo-app-akita/src/app/components/sidebar/sidebar.component.ts",
          "hash": "5026123417783423639",
          "deps": [
            "npm:@angular/core",
            "npm:@angular/common",
            "shared",
            "npm:rxjs"
          ]
        },
        {
          "file": "apps/todo-app-akita/src/app/state/groups/groups.query.ts",
          "hash": "6067503586303528377",
          "deps": [
            "npm:@datorama/akita",
            "npm:@angular/core",
            "shared"
          ]
        },
        {
          "file": "apps/todo-app-akita/src/app/state/groups/groups.service.ts",
          "hash": "5621704023687978958",
          "deps": [
            "npm:@angular/core",
            "shared",
            "npm:rxjs"
          ]
        },
        {
          "file": "apps/todo-app-akita/src/app/state/groups/groups.state.ts",
          "hash": "8503750534279998999",
          "deps": [
            "shared"
          ]
        },
        {
          "file": "apps/todo-app-akita/src/app/state/groups/groups.store.ts",
          "hash": "7591041913655338249",
          "deps": [
            "npm:@datorama/akita",
            "npm:@angular/core"
          ]
        },
        {
          "file": "apps/todo-app-akita/src/app/state/tasks/tasks.query.ts",
          "hash": "10846917625128804527",
          "deps": [
            "npm:@angular/core",
            "npm:@datorama/akita",
            "shared"
          ]
        },
        {
          "file": "apps/todo-app-akita/src/app/state/tasks/tasks.service.ts",
          "hash": "10185004110231398650",
          "deps": [
            "npm:@angular/core",
            "shared",
            "npm:rxjs"
          ]
        },
        {
          "file": "apps/todo-app-akita/src/app/state/tasks/tasks.state.ts",
          "hash": "17914346067038929360",
          "deps": [
            "shared"
          ]
        },
        {
          "file": "apps/todo-app-akita/src/app/state/tasks/tasks.store.ts",
          "hash": "3441509587820074794",
          "deps": [
            "npm:@angular/core",
            "npm:@datorama/akita"
          ]
        },
        {
          "file": "apps/todo-app-akita/src/assets/akita-logo.svg",
          "hash": "16580808294497121086"
        },
        {
          "file": "apps/todo-app-akita/src/index.html",
          "hash": "12205841971784380329"
        },
        {
          "file": "apps/todo-app-akita/src/lucide-icons.ts",
          "hash": "861225537455016499",
          "deps": [
            "npm:lucide-angular"
          ]
        },
        {
          "file": "apps/todo-app-akita/src/main.ts",
          "hash": "16635586463787978962",
          "deps": [
            "npm:@angular/platform-browser"
          ]
        },
        {
          "file": "apps/todo-app-akita/src/styles.scss",
          "hash": "4680767077779505059"
        },
        {
          "file": "apps/todo-app-akita/src/test-setup.ts",
          "hash": "1917999429567095215",
          "deps": [
            "npm:jest-preset-angular"
          ]
        },
        {
          "file": "apps/todo-app-akita/tailwind.config.js",
          "hash": "4616538962241029475",
          "deps": [
            "npm:@nx/angular"
          ]
        },
        {
          "file": "apps/todo-app-akita/tsconfig.app.json",
          "hash": "8365644956319658761"
        },
        {
          "file": "apps/todo-app-akita/tsconfig.editor.json",
          "hash": "1055794200401717100"
        },
        {
          "file": "apps/todo-app-akita/tsconfig.json",
          "hash": "6424220500541951295"
        },
        {
          "file": "apps/todo-app-akita/tsconfig.spec.json",
          "hash": "2927375835638640771"
        }
      ],
      "todo-app-ngrx": [
        {
          "file": "apps/todo-app-ngrx/eslint.config.mjs",
          "hash": "16756400681144203361",
          "deps": [
            "npm:@nx/eslint-plugin"
          ]
        },
        {
          "file": "apps/todo-app-ngrx/jest.config.ts",
          "hash": "13367983615312126964"
        },
        {
          "file": "apps/todo-app-ngrx/project.json",
          "hash": "14322983026811251947"
        },
        {
          "file": "apps/todo-app-ngrx/public/favicon.ico",
          "hash": "9303420814833116677"
        },
        {
          "file": "apps/todo-app-ngrx/src/app/app.component.html",
          "hash": "1364718087198721511"
        },
        {
          "file": "apps/todo-app-ngrx/src/app/app.component.scss",
          "hash": "3244421341483603138"
        },
        {
          "file": "apps/todo-app-ngrx/src/app/app.component.ts",
          "hash": "9933168639373032966",
          "deps": [
            "npm:@angular/core",
            "shared"
          ]
        },
        {
          "file": "apps/todo-app-ngrx/src/app/app.config.ts",
          "hash": "15065661846019023805",
          "deps": [
            "npm:@angular/core",
            "npm:lucide-angular",
            "npm:@ngrx/store",
            "npm:@ngrx/store-devtools",
            "npm:@ngrx/effects",
            "npm:@angular/common"
          ]
        },
        {
          "file": "apps/todo-app-ngrx/src/app/components/content/content.component.html",
          "hash": "9951911538771996709"
        },
        {
          "file": "apps/todo-app-ngrx/src/app/components/content/content.component.scss",
          "hash": "13027103444035360129"
        },
        {
          "file": "apps/todo-app-ngrx/src/app/components/content/content.component.ts",
          "hash": "7008636160171558783",
          "deps": [
            "npm:@angular/core",
            "npm:@angular/common",
            "shared",
            "npm:lucide-angular",
            "npm:rxjs"
          ]
        },
        {
          "file": "apps/todo-app-ngrx/src/app/components/sidebar/sidebar.component.html",
          "hash": "7426327908245531328"
        },
        {
          "file": "apps/todo-app-ngrx/src/app/components/sidebar/sidebar.component.scss",
          "hash": "13027103444035360129"
        },
        {
          "file": "apps/todo-app-ngrx/src/app/components/sidebar/sidebar.component.ts",
          "hash": "14364890382363183279",
          "deps": [
            "npm:@angular/core",
            "npm:@angular/common",
            "shared",
            "npm:rxjs"
          ]
        },
        {
          "file": "apps/todo-app-ngrx/src/app/facades/groups.facade.ts",
          "hash": "3997695909636364746",
          "deps": [
            "npm:@angular/core",
            "npm:@ngrx/store",
            "shared",
            "npm:rxjs"
          ]
        },
        {
          "file": "apps/todo-app-ngrx/src/app/facades/modal.facade.ts",
          "hash": "5289873032628504155",
          "deps": [
            "npm:@angular/core",
            "npm:@ngrx/store",
            "shared"
          ]
        },
        {
          "file": "apps/todo-app-ngrx/src/app/facades/tasks.facade.ts",
          "hash": "8550247488441238822",
          "deps": [
            "npm:@angular/core",
            "shared",
            "npm:@ngrx/store"
          ]
        },
        {
          "file": "apps/todo-app-ngrx/src/app/store/app.effects.ts",
          "hash": "4207401531979462018"
        },
        {
          "file": "apps/todo-app-ngrx/src/app/store/app.state.ts",
          "hash": "6807209150875146830"
        },
        {
          "file": "apps/todo-app-ngrx/src/app/store/groups/groups.actions.ts",
          "hash": "373234597513553440",
          "deps": [
            "npm:@ngrx/store",
            "shared"
          ]
        },
        {
          "file": "apps/todo-app-ngrx/src/app/store/groups/groups.effects.ts",
          "hash": "17620020348851452202",
          "deps": [
            "npm:@angular/core",
            "npm:@ngrx/effects",
            "npm:rxjs",
            "shared"
          ]
        },
        {
          "file": "apps/todo-app-ngrx/src/app/store/groups/groups.feature.ts",
          "hash": "8800954590005151131",
          "deps": [
            "npm:@ngrx/store"
          ]
        },
        {
          "file": "apps/todo-app-ngrx/src/app/store/groups/groups.reducer.ts",
          "hash": "15282256530699627955",
          "deps": [
            "npm:@ngrx/store"
          ]
        },
        {
          "file": "apps/todo-app-ngrx/src/app/store/groups/groups.selectors.ts",
          "hash": "12220114134304174714",
          "deps": [
            "npm:@ngrx/store"
          ]
        },
        {
          "file": "apps/todo-app-ngrx/src/app/store/groups/groups.state.ts",
          "hash": "5843327710323917578",
          "deps": [
            "shared"
          ]
        },
        {
          "file": "apps/todo-app-ngrx/src/app/store/tasks/tasks.actions.ts",
          "hash": "343620712075967936",
          "deps": [
            "npm:@ngrx/store",
            "shared"
          ]
        },
        {
          "file": "apps/todo-app-ngrx/src/app/store/tasks/tasks.effects.ts",
          "hash": "1231406563695639023",
          "deps": [
            "npm:@angular/core",
            "npm:@ngrx/effects",
            "shared",
            "npm:rxjs"
          ]
        },
        {
          "file": "apps/todo-app-ngrx/src/app/store/tasks/tasks.feature.ts",
          "hash": "4279500607998863036",
          "deps": [
            "npm:@ngrx/store"
          ]
        },
        {
          "file": "apps/todo-app-ngrx/src/app/store/tasks/tasks.reducer.ts",
          "hash": "15070635371942572947",
          "deps": [
            "npm:@ngrx/store"
          ]
        },
        {
          "file": "apps/todo-app-ngrx/src/app/store/tasks/tasks.selectors.ts",
          "hash": "12387589111584306207",
          "deps": [
            "npm:@ngrx/store"
          ]
        },
        {
          "file": "apps/todo-app-ngrx/src/app/store/tasks/tasks.state.ts",
          "hash": "9147863528922709452",
          "deps": [
            "shared"
          ]
        },
        {
          "file": "apps/todo-app-ngrx/src/assets/ngrx-logo.png",
          "hash": "10584910055440376433"
        },
        {
          "file": "apps/todo-app-ngrx/src/index.html",
          "hash": "8731630592574655813"
        },
        {
          "file": "apps/todo-app-ngrx/src/lucide-icons.ts",
          "hash": "861225537455016499",
          "deps": [
            "npm:lucide-angular"
          ]
        },
        {
          "file": "apps/todo-app-ngrx/src/main.ts",
          "hash": "16635586463787978962",
          "deps": [
            "npm:@angular/platform-browser"
          ]
        },
        {
          "file": "apps/todo-app-ngrx/src/styles.scss",
          "hash": "4680767077779505059"
        },
        {
          "file": "apps/todo-app-ngrx/src/test-setup.ts",
          "hash": "1917999429567095215",
          "deps": [
            "npm:jest-preset-angular"
          ]
        },
        {
          "file": "apps/todo-app-ngrx/tailwind.config.js",
          "hash": "4616538962241029475",
          "deps": [
            "npm:@nx/angular"
          ]
        },
        {
          "file": "apps/todo-app-ngrx/tsconfig.app.json",
          "hash": "8365644956319658761"
        },
        {
          "file": "apps/todo-app-ngrx/tsconfig.editor.json",
          "hash": "1055794200401717100"
        },
        {
          "file": "apps/todo-app-ngrx/tsconfig.json",
          "hash": "6424220500541951295"
        },
        {
          "file": "apps/todo-app-ngrx/tsconfig.spec.json",
          "hash": "2927375835638640771"
        }
      ],
      "todo-app-ngx-base-state-e2e": [
        {
          "file": "apps/todo-app-ngx-base-state-e2e/cypress.config.ts",
          "hash": "16425363833024512295",
          "deps": [
            "npm:@nx/cypress",
            "npm:cypress"
          ]
        },
        {
          "file": "apps/todo-app-ngx-base-state-e2e/eslint.config.mjs",
          "hash": "7267301145493616340",
          "deps": [
            "npm:eslint-plugin-cypress"
          ]
        },
        {
          "file": "apps/todo-app-ngx-base-state-e2e/project.json",
          "hash": "14799049467396759505"
        },
        {
          "file": "apps/todo-app-ngx-base-state-e2e/src/e2e/app.cy.ts",
          "hash": "90403840194859743"
        },
        {
          "file": "apps/todo-app-ngx-base-state-e2e/src/fixtures/example.json",
          "hash": "11785586596216172004"
        },
        {
          "file": "apps/todo-app-ngx-base-state-e2e/src/support/app.po.ts",
          "hash": "11157016311132186162"
        },
        {
          "file": "apps/todo-app-ngx-base-state-e2e/src/support/commands.ts",
          "hash": "6408592624158157338"
        },
        {
          "file": "apps/todo-app-ngx-base-state-e2e/src/support/e2e.ts",
          "hash": "1054106023200826784"
        },
        {
          "file": "apps/todo-app-ngx-base-state-e2e/tsconfig.json",
          "hash": "4332380883180617610"
        }
      ]
    }
  }
}