{
  "run": {
    "command": "nx build todo-app-ngrx --stats-json",
    "startTime": "2025-06-01T18:39:56.638Z",
    "endTime": "2025-06-01T18:39:56.652Z",
    "inner": false
  },
  "tasks": [
    {
      "taskId": "todo-app-ngrx:build:production",
      "target": "build",
      "projectName": "todo-app-ngrx",
      "hash": "3037971903843892463",
      "startTime": "2025-06-01T18:39:56.643Z",
      "endTime": "2025-06-01T18:39:56.648Z",
      "params": "",
      "cacheStatus": "local-cache-hit",
      "status": 0
    }
  ]
}