{
  "hash": "f36bbc99",
  "configHash": "9044ed80",
  "lockfileHash": "9f58cd33",
  "browserHash": "8aa82d7c",
  "optimized": {
    "@angular/cdk/bidi": {
      "src": "../../../../../../node_modules/@angular/cdk/fesm2022/bidi.mjs",
      "file": "@angular_cdk_bidi.js",
      "fileHash": "27921b0f",
      "needsInterop": false
    },
    "@angular/common": {
      "src": "../../../../../../node_modules/@angular/common/fesm2022/common.mjs",
      "file": "@angular_common.js",
      "fileHash": "3a24887a",
      "needsInterop": false
    },
    "@angular/common/http": {
      "src": "../../../../../../node_modules/@angular/common/fesm2022/http.mjs",
      "file": "@angular_common_http.js",
      "fileHash": "212226b0",
      "needsInterop": false
    },
    "@angular/core": {
      "src": "../../../../../../node_modules/@angular/core/fesm2022/core.mjs",
      "file": "@angular_core.js",
      "fileHash": "e002c580",
      "needsInterop": false
    },
    "@angular/forms": {
      "src": "../../../../../../node_modules/@angular/forms/fesm2022/forms.mjs",
      "file": "@angular_forms.js",
      "fileHash": "9ec6f2f2",
      "needsInterop": false
    },
    "@angular/material/progress-spinner": {
      "src": "../../../../../../node_modules/@angular/material/fesm2022/progress-spinner.mjs",
      "file": "@angular_material_progress-spinner.js",
      "fileHash": "29bc1ab8",
      "needsInterop": false
    },
    "@angular/platform-browser": {
      "src": "../../../../../../node_modules/@angular/platform-browser/fesm2022/platform-browser.mjs",
      "file": "@angular_platform-browser.js",
      "fileHash": "913270ae",
      "needsInterop": false
    },
    "@ngrx/effects": {
      "src": "../../../../../../node_modules/@ngrx/effects/fesm2022/ngrx-effects.mjs",
      "file": "@ngrx_effects.js",
      "fileHash": "84f39764",
      "needsInterop": false
    },
    "@ngrx/store": {
      "src": "../../../../../../node_modules/@ngrx/store/fesm2022/ngrx-store.mjs",
      "file": "@ngrx_store.js",
      "fileHash": "75be3e81",
      "needsInterop": false
    },
    "@ngrx/store-devtools": {
      "src": "../../../../../../node_modules/@ngrx/store-devtools/fesm2022/ngrx-store-devtools.mjs",
      "file": "@ngrx_store-devtools.js",
      "fileHash": "db806e72",
      "needsInterop": false
    },
    "lodash": {
      "src": "../../../../../../node_modules/lodash/lodash.js",
      "file": "lodash.js",
      "fileHash": "b2ba0d07",
      "needsInterop": true
    },
    "lucide-angular": {
      "src": "../../../../../../node_modules/lucide-angular/fesm2020/lucide-angular.mjs",
      "file": "lucide-angular.js",
      "fileHash": "e0fc64c0",
      "needsInterop": false
    },
    "rxjs": {
      "src": "../../../../../../node_modules/rxjs/dist/esm5/index.js",
      "file": "rxjs.js",
      "fileHash": "f7f9e2c9",
      "needsInterop": false
    }
  },
  "chunks": {
    "chunk-EY4PHYHY": {
      "file": "chunk-EY4PHYHY.js"
    },
    "chunk-F5WCXGO5": {
      "file": "chunk-F5WCXGO5.js"
    },
    "chunk-YHL3Y666": {
      "file": "chunk-YHL3Y666.js"
    },
    "chunk-DGKPLFQS": {
      "file": "chunk-DGKPLFQS.js"
    },
    "chunk-XNUERKET": {
      "file": "chunk-XNUERKET.js"
    },
    "chunk-WOIPEWT6": {
      "file": "chunk-WOIPEWT6.js"
    },
    "chunk-3OV72XIM": {
      "file": "chunk-3OV72XIM.js"
    }
  }
}