{
  "hash": "75fd0902",
  "configHash": "2079ff32",
  "lockfileHash": "9f58cd33",
  "browserHash": "676a66f9",
  "optimized": {
    "@angular/cdk/bidi": {
      "src": "../../../../../../node_modules/@angular/cdk/fesm2022/bidi.mjs",
      "file": "@angular_cdk_bidi.js",
      "fileHash": "c05877dc",
      "needsInterop": false
    },
    "@angular/common": {
      "src": "../../../../../../node_modules/@angular/common/fesm2022/common.mjs",
      "file": "@angular_common.js",
      "fileHash": "3d237176",
      "needsInterop": false
    },
    "@angular/common/http": {
      "src": "../../../../../../node_modules/@angular/common/fesm2022/http.mjs",
      "file": "@angular_common_http.js",
      "fileHash": "57e24416",
      "needsInterop": false
    },
    "@angular/core": {
      "src": "../../../../../../node_modules/@angular/core/fesm2022/core.mjs",
      "file": "@angular_core.js",
      "fileHash": "d0d3df97",
      "needsInterop": false
    },
    "@angular/core/rxjs-interop": {
      "src": "../../../../../../node_modules/@angular/core/fesm2022/rxjs-interop.mjs",
      "file": "@angular_core_rxjs-interop.js",
      "fileHash": "e6e753d4",
      "needsInterop": false
    },
    "@angular/forms": {
      "src": "../../../../../../node_modules/@angular/forms/fesm2022/forms.mjs",
      "file": "@angular_forms.js",
      "fileHash": "893f2a21",
      "needsInterop": false
    },
    "@angular/material/progress-spinner": {
      "src": "../../../../../../node_modules/@angular/material/fesm2022/progress-spinner.mjs",
      "file": "@angular_material_progress-spinner.js",
      "fileHash": "aa3c0a40",
      "needsInterop": false
    },
    "@angular/platform-browser": {
      "src": "../../../../../../node_modules/@angular/platform-browser/fesm2022/platform-browser.mjs",
      "file": "@angular_platform-browser.js",
      "fileHash": "4c6fcb49",
      "needsInterop": false
    },
    "@datorama/akita": {
      "src": "../../../../../../node_modules/@datorama/akita/src/index.js",
      "file": "@datorama_akita.js",
      "fileHash": "1b8c5283",
      "needsInterop": false
    },
    "lodash": {
      "src": "../../../../../../node_modules/lodash/lodash.js",
      "file": "lodash.js",
      "fileHash": "cee73173",
      "needsInterop": true
    },
    "lucide-angular": {
      "src": "../../../../../../node_modules/lucide-angular/fesm2020/lucide-angular.mjs",
      "file": "lucide-angular.js",
      "fileHash": "79121051",
      "needsInterop": false
    },
    "rxjs": {
      "src": "../../../../../../node_modules/rxjs/dist/esm5/index.js",
      "file": "rxjs.js",
      "fileHash": "7d2d1db2",
      "needsInterop": false
    },
    "tslib": {
      "src": "../../../../../../node_modules/tslib/tslib.es6.js",
      "file": "tslib.js",
      "fileHash": "c01bdc0f",
      "needsInterop": false
    }
  },
  "chunks": {
    "chunk-6QXRV6SI": {
      "file": "chunk-6QXRV6SI.js"
    },
    "chunk-4LW6OURA": {
      "file": "chunk-4LW6OURA.js"
    },
    "chunk-NW6VYA4M": {
      "file": "chunk-NW6VYA4M.js"
    },
    "chunk-PPD75QKJ": {
      "file": "chunk-PPD75QKJ.js"
    },
    "chunk-GEZLO55W": {
      "file": "chunk-GEZLO55W.js"
    },
    "chunk-OMOJI57B": {
      "file": "chunk-OMOJI57B.js"
    },
    "chunk-YMUMNVK5": {
      "file": "chunk-YMUMNVK5.js"
    }
  }
}