{
  "hash": "c6392625",
  "configHash": "c1935b00",
  "lockfileHash": "9f58cd33",
  "browserHash": "c28a90b3",
  "optimized": {
    "@angular/cdk/bidi": {
      "src": "../../../../../../node_modules/@angular/cdk/fesm2022/bidi.mjs",
      "file": "@angular_cdk_bidi.js",
      "fileHash": "0c535693",
      "needsInterop": false
    },
    "@angular/common": {
      "src": "../../../../../../node_modules/@angular/common/fesm2022/common.mjs",
      "file": "@angular_common.js",
      "fileHash": "258f4e9c",
      "needsInterop": false
    },
    "@angular/common/http": {
      "src": "../../../../../../node_modules/@angular/common/fesm2022/http.mjs",
      "file": "@angular_common_http.js",
      "fileHash": "0f9ee311",
      "needsInterop": false
    },
    "@angular/core": {
      "src": "../../../../../../node_modules/@angular/core/fesm2022/core.mjs",
      "file": "@angular_core.js",
      "fileHash": "aac6751e",
      "needsInterop": false
    },
    "@angular/forms": {
      "src": "../../../../../../node_modules/@angular/forms/fesm2022/forms.mjs",
      "file": "@angular_forms.js",
      "fileHash": "dd1a4679",
      "needsInterop": false
    },
    "@angular/material/progress-spinner": {
      "src": "../../../../../../node_modules/@angular/material/fesm2022/progress-spinner.mjs",
      "file": "@angular_material_progress-spinner.js",
      "fileHash": "b1acfcb6",
      "needsInterop": false
    },
    "@angular/platform-browser": {
      "src": "../../../../../../node_modules/@angular/platform-browser/fesm2022/platform-browser.mjs",
      "file": "@angular_platform-browser.js",
      "fileHash": "f435874f",
      "needsInterop": false
    },
    "@angular/router": {
      "src": "../../../../../../node_modules/@angular/router/fesm2022/router.mjs",
      "file": "@angular_router.js",
      "fileHash": "877dc647",
      "needsInterop": false
    },
    "lodash": {
      "src": "../../../../../../node_modules/lodash/lodash.js",
      "file": "lodash.js",
      "fileHash": "0bff957d",
      "needsInterop": true
    },
    "lucide-angular": {
      "src": "../../../../../../node_modules/lucide-angular/fesm2020/lucide-angular.mjs",
      "file": "lucide-angular.js",
      "fileHash": "4d97f710",
      "needsInterop": false
    },
    "ngx-base-state": {
      "src": "../../../../../../node_modules/ngx-base-state/fesm2020/ngx-base-state.mjs",
      "file": "ngx-base-state.js",
      "fileHash": "aeee92ac",
      "needsInterop": false
    },
    "rxjs": {
      "src": "../../../../../../node_modules/rxjs/dist/esm5/index.js",
      "file": "rxjs.js",
      "fileHash": "3a688b9d",
      "needsInterop": false
    },
    "tslib": {
      "src": "../../../../../../node_modules/tslib/tslib.es6.js",
      "file": "tslib.js",
      "fileHash": "3d701f16",
      "needsInterop": false
    }
  },
  "chunks": {
    "chunk-E6OLKE6M": {
      "file": "chunk-E6OLKE6M.js"
    },
    "chunk-ZAJCVWC6": {
      "file": "chunk-ZAJCVWC6.js"
    },
    "chunk-E5ZLD7C7": {
      "file": "chunk-E5ZLD7C7.js"
    },
    "chunk-4LMPTFJ4": {
      "file": "chunk-4LMPTFJ4.js"
    },
    "chunk-V5SDJQUH": {
      "file": "chunk-V5SDJQUH.js"
    },
    "chunk-GEZLO55W": {
      "file": "chunk-GEZLO55W.js"
    },
    "chunk-OMOJI57B": {
      "file": "chunk-OMOJI57B.js"
    },
    "chunk-3OV72XIM": {
      "file": "chunk-3OV72XIM.js"
    }
  }
}